-- Migration from new Supabase (pwjybjpsvojmrdbdmssq) to old Supabase (nzjrhzvtbgnqilyuzsiy)
-- Generated: 2026-04-28
-- NOTE: Run this in the OLD Supabase SQL Editor
-- IMPORTANT: User IDs must match auth.users records - this assumes auth users exist or will be created

-- 1. Profiles (16 users)
INSERT INTO public.profiles (id, email, full_name, phone, avatar_url, address, city, country, created_at, updated_at) VALUES
('5a038b73-f8ea-4c47-bfa0-01ecef97da7a', 'webersera@outlook.com', 'Admin', NULL, NULL, NULL, NULL, NULL, '2026-04-26 21:11:33.259972+00', '2026-04-26 21:11:33.259972+00'),
('3cda2a6c-d1bb-4bd7-9366-368a4eaf6428', 'janardanprasad1982bug@gmail.com', 'Rahul', '', NULL, NULL, NULL, NULL, '2026-04-26 21:22:20.745133+00', '2026-04-26 21:22:20.745133+00'),
('54d161b8-ffcb-413e-a86b-4b9060fcbc12', 'ram822j@gmail.com', 'Harsh', '', NULL, NULL, NULL, NULL, '2026-04-27 05:41:54.128055+00', '2026-04-27 05:41:54.128055+00'),
('63bacc15-694c-44da-9bf4-39631e6c0118', 'bestm4254@gmail.com', 'Ggggggjsdhj', 'Vhjrrty875556', NULL, NULL, NULL, NULL, '2026-04-27 05:55:19.935913+00', '2026-04-27 05:55:19.935913+00'),
('1fba3f47-8cce-46a4-b036-8975467fe072', 'shindesweety1617@gmail.com', 'Sweety shinde', '9307972592', NULL, NULL, NULL, NULL, '2026-04-27 06:38:44.360118+00', '2026-04-27 06:38:44.360118+00'),
('80769e37-7683-4838-90a3-987c8c5fad48', 'sumanarender23@gmail.com', 'SumaNarender', '9390233778', NULL, NULL, NULL, NULL, '2026-04-27 07:02:11.144527+00', '2026-04-27 07:02:11.144527+00'),
('53fc206e-7e07-4025-ae3e-892d4fd59e8f', 'sujanhalder745@gmail.com', 'Sujan haldar', '08101661750', NULL, NULL, NULL, NULL, '2026-04-27 07:39:57.53819+00', '2026-04-27 07:39:57.53819+00'),
('0d0ac2ee-6fa7-45f0-855c-3b8f57f2a0c8', 'lilawatik568@gmail.com', 'Lilawati Kumari', '6238680135', NULL, NULL, NULL, NULL, '2026-04-27 07:54:46.747691+00', '2026-04-27 07:54:46.747691+00'),
('da1d9531-46ca-4b0f-8c42-ca55612f0229', 'sonalijain0808@gmail.com', 'Sonali jain', '07428144071', NULL, NULL, NULL, NULL, '2026-04-27 08:29:15.708474+00', '2026-04-27 08:29:15.708474+00'),
('1c4b5011-f986-408c-838a-0ad39e96a9bb', 'sr8097964@gmail.com', 'Simran Rani', '7607613983', NULL, NULL, NULL, NULL, '2026-04-27 10:08:27.377523+00', '2026-04-27 10:08:27.377523+00'),
('3a9e5ae8-8180-4f45-a9df-c4a54f0385e6', 'srikreshma1@gmail.com', 'Reshma Sri K', '', NULL, NULL, NULL, NULL, '2026-04-27 10:23:04.799932+00', '2026-04-27 10:23:04.799932+00'),
('6e4d5891-3c6f-4280-b974-1355e1da7ab5', 'yogeswari.chandrasekar@gmail.com', 'yogeswari', '9042809220', NULL, NULL, NULL, NULL, '2026-04-27 13:29:14.539146+00', '2026-04-27 13:29:14.539146+00'),
('f8a6983c-4341-4d86-b854-8fa92ac60454', 'biswajitsahoo777777@gmail.com', 'Biswajit sahoo', '', NULL, NULL, NULL, NULL, '2026-04-27 13:30:43.373795+00', '2026-04-27 13:30:43.373795+00'),
('2279d581-7bd8-4ea2-b326-61f33a43f6df', 'nationdata7@gmail.com', 'RAJU SINGH', '', NULL, NULL, NULL, NULL, '2026-04-27 14:17:54.98088+00', '2026-04-27 14:17:54.98088+00'),
('ce4d54b6-a1e3-4d52-b899-dd32c525523a', 'navinverama007@gmail.com', 'Tanmay verma', '9120973062', NULL, NULL, NULL, NULL, '2026-04-27 15:04:39.544933+00', '2026-04-27 15:04:39.544933+00'),
('ccd7f3d8-6fca-4f7a-a400-c7701af0ba86', 'artichaudharychaudhary32286@gmail.com', 'Arti kumari', '7542057220', NULL, 'Danapur ', 'Patna', 'India', '2026-04-27 17:24:32.33936+00', '2026-04-27 19:18:55.91992+00')
ON CONFLICT (id) DO NOTHING;

-- 2. User Roles (17 roles)
INSERT INTO public.user_roles (user_id, role, created_at) VALUES
('5a038b73-f8ea-4c47-bfa0-01ecef97da7a', 'admin', '2026-04-26 21:11:33.259972+00'),
('3cda2a6c-d1bb-4bd7-9366-368a4eaf6428', 'employee', '2026-04-26 21:22:20.745133+00'),
('54d161b8-ffcb-413e-a86b-4b9060fcbc12', 'employee', '2026-04-27 05:41:54.128055+00'),
('63bacc15-694c-44da-9bf4-39631e6c0118', 'employee', '2026-04-27 05:55:19.935913+00'),
('1fba3f47-8cce-46a4-b036-8975467fe072', 'employee', '2026-04-27 06:38:44.360118+00'),
('80769e37-7683-4838-90a3-987c8c5fad48', 'employee', '2026-04-27 07:02:11.144527+00'),
('53fc206e-7e07-4025-ae3e-892d4fd59e8f', 'employee', '2026-04-27 07:39:57.53819+00'),
('0d0ac2ee-6fa7-45f0-855c-3b8f57f2a0c8', 'employee', '2026-04-27 07:54:46.747691+00'),
('da1d9531-46ca-4b0f-8c42-ca55612f0229', 'employee', '2026-04-27 08:29:15.708474+00'),
('1c4b5011-f986-408c-838a-0ad39e96a9bb', 'employee', '2026-04-27 10:08:27.377523+00'),
('3a9e5ae8-8180-4f45-a9df-c4a54f0385e6', 'employee', '2026-04-27 10:23:04.799932+00'),
('6e4d5891-3c6f-4280-b974-1355e1da7ab5', 'employee', '2026-04-27 13:29:14.539146+00'),
('f8a6983c-4341-4d86-b854-8fa92ac60454', 'employee', '2026-04-27 13:30:43.373795+00'),
('2279d581-7bd8-4ea2-b326-61f33a43f6df', 'employee', '2026-04-27 14:17:54.98088+00'),
('ce4d54b6-a1e3-4d52-b899-dd32c525523a', 'employee', '2026-04-27 15:04:39.544933+00'),
('ccd7f3d8-6fca-4f7a-a400-c7701af0ba86', 'employee', '2026-04-27 17:24:32.33936+00'),
('2279d581-7bd8-4ea2-b326-61f33a43f6df', 'admin', '2026-04-27 18:12:02.871756+00')
ON CONFLICT (user_id, role) DO NOTHING;

-- 3. Job Categories (8 categories)
INSERT INTO public.job_categories (id, name, slug, description, icon, created_at) VALUES
('967c3111-3e7a-4f34-8061-4ff9a104dc12', 'Customer Service Associate', 'customer-service', 'Handle customer calls and chats — most common WFH role', 'Headphones', '2026-04-26 20:17:01.500995+00'),
('6fa6c5b8-9530-48de-ac1b-decef23f4e81', 'Data Entry / Catalog Associate', 'data-entry', 'Update product data, images, prices and descriptions', 'Database', '2026-04-26 20:17:01.500995+00'),
('41b4c035-9a38-4655-93ed-d2f6d6138357', 'Virtual Assistant / Seller Support', 'virtual-assistant', 'Help Amazon sellers manage orders and accounts', 'Package', '2026-04-26 20:17:01.500995+00'),
('45397e3f-850d-417a-b28d-e30e88e48b91', 'Technical Support', 'technical-support', 'Solve app and website issues, guide customers', 'Wrench', '2026-04-26 20:17:01.500995+00'),
('9a2a8e3a-5e3a-46f0-b11e-c333238ff963', 'Content Writing / Review Work', 'content-writing', 'Write product descriptions and SEO content', 'PenTool', '2026-04-26 20:17:01.500995+00'),
('ca6e5bf9-198f-4afe-95db-5f59fbb1495c', 'HR / Recruitment Support', 'hr-recruitment', 'Handle hiring, candidate communication, document verification', 'Users', '2026-04-26 20:17:01.500995+00'),
('165d759d-f79f-42ae-9e89-37632629aa50', 'Backend Operations', 'backend-ops', 'Data processing and back-office support', 'Server', '2026-04-26 20:17:01.500995+00'),
('d5789b4c-9deb-4fbe-9622-f7854dd36f09', 'Development Modules', 'development', 'Web, app and backend development engagements', 'code', '2026-04-26 20:18:15.11232+00')
ON CONFLICT (id) DO NOTHING;

-- 4. Email Templates (11 templates) - ZeptoMail settings are in DB now
INSERT INTO public.email_templates (id, template_key, name, subject, body_html, description, variables, created_at, updated_at) VALUES
('11d55ef4-4bac-4356-af9d-458a3d0ad08a', 'task_assigned', 'Task assigned', 'New task assigned: {{task_title}}', '<p>Hi {{employee_name}},</p><p>A new task has been assigned to you on Amazon Jobs Portal.</p><div style="background:#f7f8fa;border:1px solid #e7e7e7;border-radius:8px;padding:14px;margin:14px 0"><div style="font-weight:700;font-size:16px;margin-bottom:6px">{{task_title}}</div><div style="font-size:13px;color:#565959;white-space:pre-wrap">{{task_description}}</div><div style="margin-top:10px;font-size:12px"><b>Reward:</b> ₹{{reward_amount}} · <b>Deadline:</b> {{deadline}}</div></div><p style="margin:14px 0"><a href="{{task_url}}" style="background:#FF9900;color:#0F1111;padding:10px 18px;border-radius:6px;text-decoration:none;font-weight:bold">Open task</a></p>', 'Sent when an admin assigns a new task to an employee.', '{"employee_name","task_title","task_description","reward_amount","deadline","task_url"}', '2026-04-26 20:20:54.443792+00', '2026-04-26 20:20:54.443792+00'),
('1d1d942f-0de9-4500-9196-0ad5c403cd6e', 'task_due_soon', 'Task due soon', 'Reminder: "{{task_title}}" is due soon', '<p>Hi {{employee_name}},</p><p>This is a friendly reminder that your task <b>{{task_title}}</b> is due on <b>{{deadline}}</b>.</p><p>Reward on approval: <b>₹{{reward_amount}}</b></p><p style="margin:14px 0"><a href="{{task_url}}" style="background:#FF9900;color:#0F1111;padding:10px 18px;border-radius:6px;text-decoration:none;font-weight:bold">Open task</a></p>', 'Sent automatically when a task deadline is within 24 hours.', '{"employee_name","task_title","reward_amount","deadline","task_url"}', '2026-04-26 20:20:54.443792+00', '2026-04-26 20:20:54.443792+00'),
('cf76bff8-a5af-44bb-8c2e-3553d5de083f', 'task_overdue', 'Task overdue', 'Overdue: {{task_title}}', '<p>Hi {{employee_name}},</p><p>Your task <b>{{task_title}}</b> was due <b>{{deadline}}</b> and is now <b style="color:#b12704">overdue</b>. Please submit it as soon as possible.</p><p>Reward on approval: <b>₹{{reward_amount}}</b></p><p style="margin:14px 0"><a href="{{task_url}}" style="background:#b12704;color:#fff;padding:10px 18px;border-radius:6px;text-decoration:none;font-weight:bold">Submit task now</a></p>', 'Sent automatically when a task passes its deadline without submission.', '{"employee_name","task_title","reward_amount","deadline","task_url"}', '2026-04-26 20:20:54.443792+00', '2026-04-26 20:20:54.443792+00'),
('de40507b-c3d7-4f72-888e-1b62dbbab68c', 'kyc_documents_submitted', 'KYC — documents submitted', 'KYC received — under review', '<p>Hi {{employee_name}},</p><p>Thanks — we''ve received your KYC submission and your security deposit payment.</p><p>Our team will verify your documents within 24 hours and email you with the outcome.</p><p style="font-size:12px;color:#565959">Payment reference: <b>{{payment_reference}}</b></p>', 'Sent when an employee completes KYC submission with payment.', '{"employee_name","payment_reference"}', '2026-04-26 20:20:54.443792+00', '2026-04-26 20:20:54.443792+00'),
('33211e34-aec8-4b15-be10-5d6a4dd52c1e', 'kyc_fee_paid', 'KYC — fee paid', 'Payment received for KYC verification', '<p>Hi {{employee_name}},</p><p>We''ve received your KYC processing fee of <b>${{fee_amount}}</b>. Your submission will move into review shortly.</p><p style="font-size:12px;color:#565959">Payment reference: <b>{{payment_reference}}</b></p>', 'Sent when the KYC fee payment is recorded.', '{"employee_name","fee_amount","payment_reference"}', '2026-04-26 20:20:54.443792+00', '2026-04-26 20:20:54.443792+00'),
('40a83504-101e-4310-a160-4e1cb2f2ec61', 'kyc_in_review', 'KYC — review in progress', 'Your KYC is now in review', '<p>Hi {{employee_name}},</p><p>An admin has started reviewing your KYC documents. You''ll receive another email shortly with the final decision.</p>', 'Sent when an admin opens the submission for active review.', '{"employee_name"}', '2026-04-26 20:20:54.443792+00', '2026-04-26 20:20:54.443792+00'),
('548f15c4-4741-49e4-9f8e-f526df6516c6', 'kyc_approved', 'KYC — approved', 'Your KYC has been approved 🎉', '<p>Hi {{employee_name}},</p><p>Great news — your KYC verification has been <b style="color:#067d62">approved</b>. You can now request withdrawals from the dashboard.</p><p style="margin:14px 0"><a href="{{dashboard_url}}" style="background:#067d62;color:#fff;padding:10px 18px;border-radius:6px;text-decoration:none;font-weight:bold">Go to dashboard</a></p>', 'Sent when the admin approves the KYC submission.', '{"employee_name","dashboard_url"}', '2026-04-26 20:20:54.443792+00', '2026-04-26 20:20:54.443792+00'),
('09a8fbcd-5a2c-414a-966c-ad0807ef4055', 'kyc_rejected', 'KYC — rejected', 'Update on your KYC submission', '<p>Hi {{employee_name}},</p><p>Unfortunately your KYC submission was <b style="color:#b12704">not approved</b>. Please review the note below, correct any issues, and resubmit.</p><div style="background:#f7f8fa;border-left:3px solid #b12704;padding:10px 14px;margin:14px 0;font-size:13px"><b>Reason:</b><br/>{{admin_notes}}</div><p style="margin:14px 0"><a href="{{kyc_url}}" style="background:#FF9900;color:#0F1111;padding:10px 18px;border-radius:6px;text-decoration:none;font-weight:bold">Resubmit KYC</a></p>', 'Sent when an admin rejects the KYC submission.', '{"employee_name","admin_notes","kyc_url"}', '2026-04-26 20:20:54.443792+00', '2026-04-26 20:20:54.443792+00'),
('419179bd-18e4-4c9e-a253-d2285fe6b566', 'module_assigned', 'Module assigned', 'You''ve been assigned to {{module_title}} on {{project_title}}', '<p>Hi {{employee_name}},</p><p>You''ve been added to the <b>{{module_title}}</b> module of project <b>{{project_title}}</b>.</p><p>{{module_description}}</p><p><a href="{{project_url}}" style="display:inline-block;background:#FF9900;color:#fff;padding:10px 18px;border-radius:6px;text-decoration:none;font-weight:700">Open project</a></p><p>Good luck!</p>', 'Sent when an admin assigns an employee to a project module.', '{"employee_name","module_title","project_title","module_description","project_url"}', '2026-04-26 20:21:40.436084+00', '2026-04-26 20:21:40.436084+00'),
('e7f44b5f-6dc8-4064-a6ad-48bd66f1bbce', 'task_comment_added', 'Task comment added', 'New comment on "{{task_title}}"', '<p>Hi {{employee_name}},</p><p><b>{{author_name}}</b> commented on your task <b>{{task_title}}</b>:</p><blockquote style="border-left:3px solid #FF9900;padding:6px 12px;color:#333;margin:12px 0">{{comment_body}}</blockquote><p><a href="{{task_url}}" style="display:inline-block;background:#FF9900;color:#fff;padding:10px 18px;border-radius:6px;text-decoration:none;font-weight:700">View task</a></p>', 'Sent when someone leaves a comment on a task you''re part of.', '{"employee_name","author_name","task_title","comment_body","task_url"}', '2026-04-26 20:21:40.436084+00', '2026-04-26 20:21:40.436084+00'),
('46335fcc-9e2d-442e-b1fa-af225127221f', 'task_changes_requested', 'Changes requested', 'Changes requested on "{{task_title}}"', '<p>Hi {{employee_name}},</p><p>Your reviewer has requested changes on <b>{{task_title}}</b>.</p><div style="background:#fff7ed;border-left:3px solid #FF9900;padding:10px 14px;margin:14px 0"><b>Feedback:</b><br/>{{review_notes}}</div><p>The task is back in your queue — make the updates and resubmit when ready.</p><p><a href="{{task_url}}" style="display:inline-block;background:#FF9900;color:#fff;padding:10px 18px;border-radius:6px;text-decoration:none;font-weight:700">Open task</a></p>', 'Sent when an admin requests changes on a submitted task.', '{"employee_name","task_title","review_notes","task_url"}', '2026-04-26 20:21:40.436084+00', '2026-04-26 20:21:40.436084+00')
ON CONFLICT (id) DO NOTHING;

-- 5. KYC Submissions (15 submissions)
INSERT INTO public.kyc_submissions (id, user_id, status, fee_amount, fee_paid_at, fee_payment_reference, document_front_url, document_back_url, selfie_url, created_at, updated_at, address, pan_number, aadhaar_number, full_name, date_of_birth, document_type, document_number, bank_account_holder, bank_account_number, bank_name, bank_ifsc_swift, upi_id, admin_notes, reviewed_by, reviewed_at, triggered_by_withdrawal_id) VALUES
('4e86d5c9-fb99-4375-bb66-78a7f1bf487f', '54d161b8-ffcb-413e-a86b-4b9060fcbc12', 'not_started', '79.00', NULL, NULL, NULL, NULL, NULL, '2026-04-27 05:41:54.128055+00', '2026-04-27 05:41:54.128055+00', NULL, NULL, NULL, NULL, NULL, NULL, NULL, NULL, NULL, NULL, NULL, NULL, NULL, NULL, NULL, NULL),
('3fa7c598-6c4e-406c-8788-5c3adf0873e0', '63bacc15-694c-44da-9bf4-39631e6c0118', 'not_started', '79.00', NULL, NULL, NULL, NULL, NULL, '2026-04-27 05:55:19.935913+00', '2026-04-27 05:55:19.935913+00', NULL, NULL, NULL, NULL, NULL, NULL, NULL, NULL, NULL, NULL, NULL, NULL, NULL, NULL, NULL, NULL),
('9e23b7a5-b8f7-403e-a699-aad4215ff203', '1fba3f47-8cce-46a4-b036-8975467fe072', 'not_started', '79.00', NULL, NULL, NULL, NULL, NULL, '2026-04-27 06:38:44.360118+00', '2026-04-27 06:38:44.360118+00', NULL, NULL, NULL, NULL, NULL, NULL, NULL, NULL, NULL, NULL, NULL, NULL, NULL, NULL, NULL, NULL),
('0abfed57-a292-46c0-bb5e-2f25f1b4f9b1', '80769e37-7683-4838-90a3-987c8c5fad48', 'not_started', '79.00', NULL, NULL, NULL, NULL, NULL, '2026-04-27 07:02:11.144527+00', '2026-04-27 07:02:11.144527+00', NULL, NULL, NULL, NULL, NULL, NULL, NULL, NULL, NULL, NULL, NULL, NULL, NULL, NULL, NULL, NULL),
('497e486f-359a-48b6-8c50-70fd9104e723', '53fc206e-7e07-4025-ae3e-892d4fd59e8f', 'not_started', '79.00', NULL, NULL, NULL, NULL, NULL, '2026-04-27 07:39:57.53819+00', '2026-04-27 07:39:57.53819+00', NULL, NULL, NULL, NULL, NULL, NULL, NULL, NULL, NULL, NULL, NULL, NULL, NULL, NULL, NULL, NULL),
('ac00214c-9374-4f46-8f70-f2dd4f63eb02', '0d0ac2ee-6fa7-45f0-855c-3b8f57f2a0c8', 'not_started', '79.00', NULL, NULL, NULL, NULL, NULL, '2026-04-27 07:54:46.747691+00', '2026-04-27 07:54:46.747691+00', NULL, NULL, NULL, NULL, NULL, NULL, NULL, NULL, NULL, NULL, NULL, NULL, NULL, NULL, NULL, NULL),
('787f2e3c-920c-43b9-b1ab-cd76367aab7d', 'da1d9531-46ca-4b0f-8c42-ca55612f0229', 'not_started', '79.00', NULL, NULL, NULL, NULL, NULL, '2026-04-27 08:29:15.708474+00', '2026-04-27 08:29:15.708474+00', NULL, NULL, NULL, NULL, NULL, NULL, NULL, NULL, NULL, NULL, NULL, NULL, NULL, NULL, NULL, NULL),
('cfd50f25-8bff-424e-973e-42253d05716f', '1c4b5011-f986-408c-838a-0ad39e96a9bb', 'not_started', '79.00', NULL, NULL, NULL, NULL, NULL, '2026-04-27 10:08:27.377523+00', '2026-04-27 10:08:27.377523+00', NULL, NULL, NULL, NULL, NULL, NULL, NULL, NULL, NULL, NULL, NULL, NULL, NULL, NULL, NULL, NULL),
('9876d807-73cc-4b05-80f2-e2e169a78d5a', '3a9e5ae8-8180-4f45-a9df-c4a54f0385e6', 'not_started', '79.00', NULL, NULL, NULL, NULL, NULL, '2026-04-27 10:23:04.799932+00', '2026-04-27 10:23:04.799932+00', NULL, NULL, NULL, NULL, NULL, NULL, NULL, NULL, NULL, NULL, NULL, NULL, NULL, NULL, NULL, NULL),
('a7ee40a2-fe4e-49d8-9fde-688f59c80f41', '3cda2a6c-d1bb-4bd7-9366-368a4eaf6428', 'not_started', '79.00', NULL, NULL, '3cda2a6c-d1bb-4bd7-9366-368a4eaf6428/document_front_url-1777295572378.jpg', '3cda2a6c-d1bb-4bd7-9366-368a4eaf6428/document_back_url-1777295558593.jpg', '3cda2a6c-d1bb-4bd7-9366-368a4eaf6428/selfie_url-1777295534566.jpg', '2026-04-26 21:22:20.745133+00', '2026-04-27 13:13:00.635544+00', NULL, NULL, NULL, NULL, NULL, NULL, NULL, NULL, NULL, NULL, NULL, NULL, NULL, NULL, NULL, NULL),
('1491e35c-a006-4088-9e23-2a03b120b297', '6e4d5891-3c6f-4280-b974-1355e1da7ab5', 'not_started', '79.00', NULL, NULL, NULL, NULL, NULL, '2026-04-27 13:29:14.539146+00', '2026-04-27 13:29:14.539146+00', NULL, NULL, NULL, NULL, NULL, NULL, NULL, NULL, NULL, NULL, NULL, NULL, NULL, NULL, NULL, NULL),
('85f1031f-af75-42be-916d-9cc89ce16a59', 'f8a6983c-4341-4d86-b854-8fa92ac60454', 'not_started', '79.00', NULL, NULL, NULL, NULL, NULL, '2026-04-27 13:30:43.373795+00', '2026-04-27 13:30:43.373795+00', NULL, NULL, NULL, NULL, NULL, NULL, NULL, NULL, NULL, NULL, NULL, NULL, NULL, NULL, NULL, NULL),
('1747ec62-dd6d-4107-af01-424c106f5b1a', 'ce4d54b6-a1e3-4d52-b899-dd32c525523a', 'not_started', '79.00', NULL, NULL, NULL, NULL, NULL, '2026-04-27 15:04:39.544933+00', '2026-04-27 15:04:39.544933+00', NULL, NULL, NULL, NULL, NULL, NULL, NULL, NULL, NULL, NULL, NULL, NULL, NULL, NULL, NULL, NULL),
('63508072-f8fd-4eaf-8a3d-7c409a404754', 'ccd7f3d8-6fca-4f7a-a400-c7701af0ba86', 'not_started', '79.00', NULL, NULL, NULL, NULL, NULL, '2026-04-27 17:24:32.33936+00', '2026-04-27 17:24:32.33936+00', NULL, NULL, NULL, NULL, NULL, NULL, NULL, NULL, NULL, NULL, NULL, NULL, NULL, NULL, NULL, NULL),
('71261b70-2849-40cf-a98c-69ae5f255b6f', '2279d581-7bd8-4ea2-b326-61f33a43f6df', 'approved', '79.00', '2026-04-27 19:18:44.724+00', 'PAY-1777317524724-FUJKOA', '2279d581-7bd8-4ea2-b326-61f33a43f6df/document_front_url-1777317487979.png', '2279d581-7bd8-4ea2-b326-61f33a43f6df/document_back_url-1777317493716.png', '2279d581-7bd8-4ea2-b326-61f33a43f6df/selfie_url-1777317499487.png', '2026-04-27 14:17:54.98088+00', '2026-04-27 19:20:34.127958+00', 'wefdewfd', 'wefdewf', 'ewdfewqdf', 'njcfd', '2026-04-28', 'wefewf', 'wefwef', 'dewdew', 'weffwef', 'wefdwe', 'ewdfcew', 'wfw', NULL, '2279d581-7bd8-4ea2-b326-61f33a43f6df', '2026-04-27 19:20:33.994+00', NULL)
ON CONFLICT (id) DO NOTHING;

-- 6. Employment Packages (11 packages)
INSERT INTO public.employment_packages (id, user_id, job_id, application_id, monthly_salary, currency, perks, starts_on, ends_on, is_active, notes, created_by, created_at, updated_at) VALUES
('be559a44-247a-430c-8ee0-20e3a9d4a3ea', '3cda2a6c-d1bb-4bd7-9366-368a4eaf6428', 'd531692a-5ad1-4a9e-95ed-bbe237cd3c7b', 'e370339e-1e2b-4b07-8d6b-03ef43b4092b', '35000', 'INR', '{"description":"1500 for wifi "}', '2026-04-26', NULL, true, NULL, '5a038b73-f8ea-4c47-bfa0-01ecef97da7a', '2026-04-26 21:40:57.214805+00', '2026-04-26 21:40:57.214805+00'),
('7b6bb06d-115f-4653-ba27-73c78368b78c', 'ccd7f3d8-6fca-4f7a-a400-c7701af0ba86', 'd531692a-5ad1-4a9e-95ed-bbe237cd3c7b', '03916695-4667-4f66-8890-e48fcd42982b', '450000', 'INR', '{"description":"1000 for wifi"}', '2026-04-27', NULL, true, 'approved ', '2279d581-7bd8-4ea2-b326-61f33a43f6df', '2026-04-27 18:21:25.805942+00', '2026-04-27 18:21:25.805942+00'),
('1fe58876-d5be-474d-bcb2-e9b80a2d7bde', '6e4d5891-3c6f-4280-b974-1355e1da7ab5', 'd531692a-5ad1-4a9e-95ed-bbe237cd3c7b', '75028b35-276f-4416-bac6-6ba5eddadd7d', '45000', 'INR', '{"description":"1000 for wifi"}', '2026-04-27', NULL, true, 'selected ', '2279d581-7bd8-4ea2-b326-61f33a43f6df', '2026-04-27 18:21:58.301196+00', '2026-04-27 18:21:58.301196+00'),
('080805c1-b061-4835-8ed7-12b7e150a8bd', 'ce4d54b6-a1e3-4d52-b899-dd32c525523a', 'd531692a-5ad1-4a9e-95ed-bbe237cd3c7b', '9ab1f85f-47a0-4726-81e3-d0ea7ac3ac96', '45000', 'INR', '{"description":"selected"}', '2026-04-27', NULL, true, 'selected', '2279d581-7bd8-4ea2-b326-61f33a43f6df', '2026-04-27 18:22:18.299134+00', '2026-04-27 18:22:18.299134+00'),
('7a1046e3-d307-4cdf-a1b4-3347259da4a5', 'f8a6983c-4341-4d86-b854-8fa92ac60454', 'd531692a-5ad1-4a9e-95ed-bbe237cd3c7b', 'e9030d99-ce31-465b-97df-3575caf6345d', '45000', 'INR', '{"description":"1000 for wifi "}', '2026-04-27', NULL, true, 'selected', '2279d581-7bd8-4ea2-b326-61f33a43f6df', '2026-04-27 18:22:39.054659+00', '2026-04-27 18:22:39.054659+00'),
('73a636a3-abe8-4500-9338-fd10861ee5cc', '1c4b5011-f986-408c-838a-0ad39e96a9bb', 'd531692a-5ad1-4a9e-95ed-bbe237cd3c7b', 'ef43d656-d1b4-45f1-937b-cfc880e08b9d', '45000', 'INR', '{"description":"1000 for wifi"}', '2026-04-27', NULL, true, 'selected', '2279d581-7bd8-4ea2-b326-61f33a43f6df', '2026-04-27 18:23:00.504568+00', '2026-04-27 18:23:00.504568+00'),
('856d81ca-932c-4184-9ded-3cdde82a2416', '3a9e5ae8-8180-4f45-a9df-c4a54f0385e6', 'd531692a-5ad1-4a9e-95ed-bbe237cd3c7b', '7b3d91e8-bf4a-485b-9fc3-cf82b8a31857', '45000', 'INR', '{"description":"1000 for wifi "}', '2026-04-27', NULL, true, 'selected ', '2279d581-7bd8-4ea2-b326-61f33a43f6df', '2026-04-27 18:23:20.630821+00', '2026-04-27 18:23:20.630821+00'),
('10c7b8bc-48c9-4a58-9a5a-ffaa8cbeb06e', 'da1d9531-46ca-4b0f-8c42-ca55612f0229', 'd531692a-5ad1-4a9e-95ed-bbe237cd3c7b', '40d5ec0b-7d4e-442c-848f-71411e2fdf6e', '45000', 'INR', '{"description":"1000 for wifi "}', '2026-04-27', NULL, true, 'selected', '2279d581-7bd8-4ea2-b326-61f33a43f6df', '2026-04-27 18:23:38.605486+00', '2026-04-27 18:23:38.605486+00'),
('a1d41f01-310f-42e8-87f8-b54d868876cf', '0d0ac2ee-6fa7-45f0-855c-3b8f57f2a0c8', 'd531692a-5ad1-4a9e-95ed-bbe237cd3c7b', '37f4a6de-e0cb-41fa-8c09-991838e704bf', '45000', 'INR', '{"description":"1000 for wifi "}', '2026-04-27', NULL, true, 'selected', '2279d581-7bd8-4ea2-b326-61f33a43f6df', '2026-04-27 18:24:26.344684+00', '2026-04-27 18:24:26.344684+00'),
('2e698f89-6500-4129-9b32-ae01fb917b95', '1fba3f47-8cce-46a4-b036-8975467fe072', 'd531692a-5ad1-4a9e-95ed-bbe237cd3c7b', 'cc43a3d4-e58c-40ea-b764-ec40dff0d918', '45000', 'INR', '{"description":"1000 for wifi"}', '2026-04-27', NULL, true, 'selected', '2279d581-7bd8-4ea2-b326-61f33a43f6df', '2026-04-27 18:25:03.872909+00', '2026-04-27 18:25:03.872909+00'),
('b2271534-de2c-4be5-a0db-1e5f8934c619', '63bacc15-694c-44da-9bf4-39631e6c0118', 'd531692a-5ad1-4a9e-95ed-bbe237cd3c7b', '1448154c-798e-46f5-9f42-2bbd2486f947', '20000', 'INR', '{}', '2026-04-27', '2026-04-27', false, 'Invalid ', '5a038b73-f8ea-4c47-bfa0-01ecef97da7a', '2026-04-27 18:16:59.657704+00', '2026-04-27 18:47:26.222019+00')
ON CONFLICT (id) DO NOTHING;

-- 7. Salary Disbursements (11 records)
INSERT INTO public.salary_disbursements (id, user_id, package_id, period_year, period_month, basic_amount, overtime_amount, bonus, deductions, net_amount, status, hold_reason, paid_at, generated_by, created_at, updated_at) VALUES
('5de9daac-0e3c-459e-87a8-2d4ad0023ed6', '3cda2a6c-d1bb-4bd7-9366-368a4eaf6428', 'be559a44-247a-430c-8ee0-20e3a9d4a3ea', 2026, 3, '35000', '0', '0', '0', '35000', 'held', 'KYC not approved', NULL, NULL, '2026-04-27 18:27:55.283614+00', '2026-04-27 18:27:55.283614+00'),
('9de8ab16-9ae8-4e21-9c0a-52cc78ea6da7', '63bacc15-694c-44da-9bf4-39631e6c0118', 'b2271534-de2c-4be5-a0db-1e5f8934c619', 2026, 3, '20000', '0', '0', '0', '20000', 'held', 'KYC not approved', NULL, NULL, '2026-04-27 18:27:56.542012+00', '2026-04-27 18:27:56.542012+00'),
('4d2a5c7d-6086-4ec3-bf00-eb7e4d1abd3c', 'ccd7f3d8-6fca-4f7a-a400-c7701af0ba86', '7b6bb06d-115f-4653-ba27-73c78368b78c', 2026, 3, '450000', '0', '0', '0', '450000', 'held', 'KYC not approved', NULL, NULL, '2026-04-27 18:27:58.78053+00', '2026-04-27 18:27:58.78053+00'),
('0f8aba3c-505b-4747-a4a7-b2a378118bca', '6e4d5891-3c6f-4280-b974-1355e1da7ab5', '1fe58876-d5be-474d-bcb2-e9b80a2d7bde', 2026, 3, '45000', '0', '0', '0', '45000', 'held', 'KYC not approved', NULL, NULL, '2026-04-27 18:27:59.237787+00', '2026-04-27 18:27:59.237787+00'),
('0e465764-eabc-48bf-9355-e979d069cf08', 'ce4d54b6-a1e3-4d52-b899-dd32c525523a', '080805c1-b061-4835-8ed7-12b7e150a8bd', 2026, 3, '45000', '0', '0', '0', '45000', 'held', 'KYC not approved', NULL, NULL, '2026-04-27 18:27:59.729989+00', '2026-04-27 18:27:59.729989+00'),
('39b54188-eb8a-4c49-ade5-32f63a4c19c1', 'f8a6983c-4341-4d86-b854-8fa92ac60454', '7a1046e3-d307-4cdf-a1b4-3347259da4a5', 2026, 3, '45000', '0', '0', '0', '45000', 'held', 'KYC not approved', NULL, NULL, '2026-04-27 18:28:00.344048+00', '2026-04-27 18:28:00.344048+00'),
('082414fb-4b0c-4310-9b5d-850c625276be', '1c4b5011-f986-408c-838a-0ad39e96a9bb', '73a636a3-abe8-4500-9338-fd10861ee5cc', 2026, 3, '45000', '0', '0', '0', '45000', 'held', 'KYC not approved', NULL, NULL, '2026-04-27 18:28:00.764181+00', '2026-04-27 18:28:00.764181+00'),
('4464f3fe-454e-4c7f-8f8f-8990b08ceefc', '3a9e5ae8-8180-4f45-a9df-c4a54f0385e6', '856d81ca-932c-4184-9ded-3cdde82a2416', 2026, 3, '45000', '0', '0', '0', '45000', 'held', 'KYC not approved', NULL, NULL, '2026-04-27 18:28:01.255445+00', '2026-04-27 18:28:01.255445+00'),
('3f99b86a-c190-4e9a-b51f-9fbafb1bde84', 'da1d9531-46ca-4b0f-8c42-ca55612f0229', '10c7b8bc-48c9-4a58-9a5a-ffaa8cbeb06e', 2026, 3, '45000', '0', '0', '0', '45000', 'held', 'KYC not approved', NULL, NULL, '2026-04-27 18:28:01.755935+00', '2026-04-27 18:28:01.755935+00'),
('05aea1a3-e826-461a-958d-46c87e9ba09b', '0d0ac2ee-6fa7-45f0-855c-3b8f57f2a0c8', 'a1d41f01-310f-42e8-87f8-b54d868876cf', 2026, 3, '45000', '0', '0', '0', '45000', 'held', 'KYC not approved', NULL, NULL, '2026-04-27 18:28:02.179309+00', '2026-04-27 18:28:02.179309+00'),
('f50b702c-5a4d-4297-aa7a-5bd2a9498277', '1fba3f47-8cce-46a4-b036-8975467fe072', '2e698f89-6500-4129-9b32-ae01fb917b95', 2026, 3, '45000', '0', '0', '0', '45000', 'held', 'KYC not approved', NULL, NULL, '2026-04-27 18:28:02.689477+00', '2026-04-27 18:28:02.689477+00')
ON CONFLICT (id) DO NOTHING;

-- 8. FX Rates
INSERT INTO public.fx_rates (id, from_currency, to_currency, rate, updated_at) VALUES
('1', 'USD', 'INR', '94.000000', now())
ON CONFLICT (id) DO UPDATE SET rate = '94.000000', updated_at = now();

-- 9. System Settings (ZeptoMail config and other settings stored in DB)
-- Check if platform_settings table exists and has ZeptoMail settings
-- These would typically be in a settings table - if not present, you'll need to configure via Admin UI after migration

-- IMPORTANT NOTES:
-- 1. Storage bucket files (KYC documents) are NOT migrated - they need to be manually copied or re-uploaded
-- 2. Auth users must exist in the OLD Supabase auth.users table for the profile rows to work
-- 3. If users don't exist, you'll need to recreate them or invite them to sign up again
-- 4. Job applications, tasks, and other activity data is not included to keep migration focused
-- 5. After migration, configure ZeptoMail settings in Admin > Settings > Email if not auto-configured
